样例编号,平台,覆盖类型,原始分享文本/链接（已转为纯文本）,可达性,是否要求登录,店名/分店（文案）,地址（文案）,来源证据,失败原因,降级结果,结论,执行时间,当前本地文案解析验证
L01,大众点评,门店长链接＋文案,"【牛New寿喜烧(上海万象城店)】
★★★★☆ 4.7
¥201/人
龙柏地区 火锅自助
吴中路万象城3楼L344(必胜客旁边)牛new寿喜烧
https://m.dianping.com/shopinfo/k9s2UXBQSNeAFMFc?msource=Appshare2021&utm_source=shop_share&shoptype=10&shopcategoryid=34061&cityid=1&isoversea=0",抓取工具未取回内容,未知，未证实,牛New寿喜烧(上海万象城店),吴中路万象城3楼L344(必胜客旁边)牛new寿喜烧,Failed to fetch page (HTTP 500),未知，不据此断言登录限制或链接失效,文案候选→用户确认→腾讯选点；缺失项手填,仅完成网页探测；App/真机与自动解析待验证,2026-09-11,自动解析回归通过；来源仍为用户文案，不是网页详情成功
L02,大众点评,门店长链接＋文案,"【Max OK 西餐厅(后浪店)】
★★★★☆ 4.7
¥66/人
太仓市 西餐
万金北路88号1栋A213
https://m.dianping.com/shopinfo/H49uXjTdApfW0994?msource=Appshare2021&utm_source=shop_share&shoptype=10&shopcategoryid=116&cityid=420&isoversea=0",抓取工具未取回内容,未知，未证实,Max OK 西餐厅(后浪店),万金北路88号1栋A213,Failed to fetch page (HTTP 500),未知，不据此断言登录限制或链接失效,文案候选→用户确认→腾讯选点；缺失项手填,仅完成网页探测；App/真机与自动解析待验证,2026-09-11,自动解析回归通过；来源仍为用户文案，不是网页详情成功
L03,大众点评,门店长链接＋文案,"【NEED创意韩国料理(西岸梦中心店)】
★★★☆☆ 3.9
¥103/人
龙华/西岸 韩式料理
龙腾大道2266号西岸梦中心2栋2层209室
https://m.dianping.com/shopinfo/H58Sb57xR2kxnxhN?msource=Appshare2021&utm_source=shop_share&shoptype=10&shopcategoryid=114&cityid=1&isoversea=0",抓取工具未取回内容,未知，未证实,NEED创意韩国料理(西岸梦中心店),龙腾大道2266号西岸梦中心2栋2层209室,Failed to fetch page (HTTP 500),未知，不据此断言登录限制或链接失效,文案候选→用户确认→腾讯选点；缺失项手填,仅完成网页探测；App/真机与自动解析待验证,2026-09-11,自动解析回归通过；来源仍为用户文案，不是网页详情成功
L04,美团外卖,外卖店铺短链＋文案,我最近很喜欢美团外卖的「海底捞·下饭火锅菜（太仓万达广场店）」，分享给你看看，点击链接可以进入店铺查看详情 http://dpurl.cn/g0eelkTz,已解析跳转；落地页为错误页,未知，未证实,海底捞·下饭火锅菜（太仓万达广场店）,缺失,出现点问题，请稍后再试~ / F404#2JC8#HYR93A,未知，不据此断言登录限制或链接失效,文案候选→用户确认→腾讯选点；缺失项手填,仅完成网页探测；App/真机与自动解析待验证,2026-09-11,自动解析回归通过；来源仍为用户文案，不是网页详情成功
L05,美团外卖,外卖店铺短链＋文案,我最近很喜欢美团外卖的「GREE！嘎抛饭（太仓店）」，分享给你看看，点击链接可以进入店铺查看详情 http://dpurl.cn/VjHcUruz,已解析跳转；落地页为错误页,未知，未证实,GREE！嘎抛饭（太仓店）,缺失,出现点问题，请稍后再试~ / F404#2JC8#N5YTE8,未知，不据此断言登录限制或链接失效,文案候选→用户确认→腾讯选点；缺失项手填,仅完成网页探测；App/真机与自动解析待验证,2026-09-11,自动解析回归通过；来源仍为用户文案，不是网页详情成功
